"Title","Venue","Category","Date","End Date","Start Time","End Time","Description"
"Aerobics","Fitness Centre - Sports street",1,2015/10/28,,15:00:00,16:00:00
"Birthday of Cathy","",2,2015/11/11,,00:00:00,23:59:00,"Buy flowers."
"Shopping","",1,2015/11/14,,09:00:00,13:00:00,"Afterwards dinner with Ann. (http://www.tripadvisor.com/Restaurants-g187147-c20-Paris_Ile_de_France.html)"
"Meeting with Steve","Steve's office",4,2015/11/17,,14:30:00,15:30:00
"Holidays","Caribbean",7,2015/11/21,2015/11/30,00:00:00,23:59:00,"Send postcard to parents."
